Shopping,Community,Food,Entertainment,Travel,Outdoors,Nightlife,accuracy,macro avg,weighted avg
0.40332932210188527,0.08284023668639054,0.5873964154943149,0.317864476386037,0.31167855801727373,0.13790532985464032,0.4268029082334447,0.45630940157438854,0.32397389239628377,0.41115296957853387
0.39472424613093654,0.11129069498960979,0.581159881255301,0.3379337539432177,0.2852864095844253,0.05898764447987246,0.3891178895300907,0.45207066319142775,0.3083572171304934,0.4013823283864543
0.3854043189197547,0.09709639953542393,0.5756202226096285,0.30962343096234307,0.3266388783630163,0.03830480847595762,0.42823529411764705,0.44727904588895034,0.3087033361405388,0.39749556493948457
0.40216383307573417,0.10789893011609379,0.5861456483126111,0.30129005409904286,0.28439306358381505,0.017796610169491526,0.41266209000762777,0.45351867940920937,0.30176431848063084,0.4020103462929905
0.3690244430023794,0.12188491164476666,0.5807087138255105,0.34102051933902305,0.2847558702944465,0.00441696113074205,0.40594648166501485,0.4459100123739568,0.3011082715574118,0.39643260539464065
