Shopping,Community,Food,Entertainment,Travel,Outdoors,Nightlife
0.38312059439893315,0.3913978494623656,0.47665430499084044,0.5208613728129206,0.5763888888888888,0.49865229110512127,0.5266731328806984
0.3931560546668079,0.4697855750487329,0.45828108017724273,0.5623359580052494,0.6614583333333334,0.4868421052631579,0.5083467959073775
0.37479951884522855,0.43907563025210083,0.45870736086175945,0.5915267785771383,0.6830427892234548,0.5053763440860215,0.5050878815911193
0.3874329958308517,0.46108949416342415,0.47030878859857483,0.5280816921954777,0.6373056994818653,0.42857142857142855,0.4828201695671575
0.37236712866964966,0.4559322033898305,0.46359192348565353,0.47162230035158215,0.6252045826513911,0.4166666666666667,0.48971783835485416
