Shopping,Community,Food,Entertainment,Travel,Outdoors,Nightlife
0.42578869362693206,0.0463222193942479,0.7651699899583991,0.22872340425531915,0.21358723623262996,0.08001730103806229,0.3587710604558969
0.3963049978641606,0.06312205343111577,0.7940750398377517,0.2415445321307779,0.18186157517899762,0.031395842172252865,0.31519198664440734
0.3966267105123581,0.05458344215199791,0.7725145777841768,0.20969113063190706,0.2146414342629482,0.019906819144430325,0.37168141592920356
0.4180591259640103,0.06109822119102862,0.7776904948939513,0.21077147016011644,0.18303571428571427,0.009086975335352661,0.3603063603063603
0.3657412370028942,0.07034518828451883,0.7770019948703334,0.26706484641638223,0.18436293436293436,0.002220248667850799,0.34664861205145564
