accuracy  	macro_avg	weighted_avg							
 0.187500   	0.125550      	0.209915							
 0.177083	0.123557      	0.194840							
0.158854  	0.133121      	0.186979							
 0.127604   	0.113898      	0.141761							
  0.195312	0.135442      	0.228846							
									
									
									
									