Shopping,Community,Food,Entertainment,Travel,Outdoors,Nightlife,accuracy,macro avg,weighted avg
0.40973871733966744,0.0,0.2140077821011673,0.0,0.10526315789473684,0.10941271118262269,0.0,0.22557651991614255,0.11977462407402774,0.20757175494488506
0.0,0.0,0.4796905222437137,0.0,0.15053763440860216,0.0,0.0,0.3211586901763224,0.09003259380747371,0.16634602282451888
0.0,0.0,0.45203252032520325,0.0,0.0,0.0,0.0,0.29177162048698574,0.0645760743321719,0.1322698012874335
0.0,0.0,0.3800738007380074,0.0,0.21924198250728863,0.0,0.0,0.2086481947942905,0.08561654046361371,0.13688764442703877
0.3076923076923077,0.0,0.46125324434556914,0.0,0.0,0.0,0.0,0.3308144416456759,0.10984936457683955,0.22513105442640924
