Shopping,Community,Food,Entertainment,Travel,Outdoors,Nightlife
0.3608786610878661,0.0,0.34810126582278483,0.0,1.0,0.06198723792160438,0.0
0.0,0.0,0.3157894736842105,0.0,0.875,0.0,0.0
0.0,0.0,0.2922624053826745,0.0,0.0,0.0,0.0
0.0,0.0,0.3395604395604396,0.0,0.1279782164737917,0.0,0.0
0.4322916666666667,0.0,0.3113113113113113,0.0,0.0,0.0,0.0
