Shopping,Community,Food,Entertainment,Travel,Outdoors,Nightlife
0.4739010989010989,0.0,0.1544943820224719,0.0,0.05555555555555555,0.4657534246575342,0.0
0.0,0.0,0.9973190348525469,0.0,0.08235294117647059,0.0,0.0
0.0,0.0,0.9971305595408895,0.0,0.0,0.0,0.0
0.0,0.0,0.43156424581005587,0.0,0.7642276422764228,0.0,0.0
0.23884892086330936,0.0,0.8898426323319027,0.0,0.0,0.0,0.0
