accuracy  	macro_avg	weighted_avg							
0.427083   	0.164554      	0.340525							
0.372396   	0.117358      	0.274662							
0.424479   	0.114996      	0.299678							
0.351562   	0.103181      	0.239803							
0.408854   	0.123317      	0.322605							
									
									
									
									