Shopping,Community,Food,Entertainment,Travel,Outdoors,Nightlife,accuracy,macro avg,weighted avg
0.34954502667085036,0.11746522411128284,0.5746617076837857,0.2972912469218715,0.32275541795665635,0.08934426229508197,0.3509057602279666,0.4358002264170813,0.3002812351239279,0.38641391525953983
0.3734951746094916,0.07791586998087954,0.5787307309461677,0.2527027027027027,0.26187717265353416,0.06677524429967427,0.3885350318471338,0.43785377668957165,0.2857188467199405,0.3830956379213835
0.3473524328287854,0.09613130128956623,0.5792280479433972,0.2659690429474602,0.3065804488398631,0.08786779524385328,0.35406318299225115,0.43451017560487587,0.2910274645835967,0.38150084882527563
0.35663827134843135,0.10936431989063568,0.5778360655737705,0.24786729857819906,0.29508196721311475,0.0,0.39788525553162324,0.4371692599320749,0.2835247397336821,0.3813915794769623
0.34083221476510067,0.06325446644133269,0.5803195087682781,0.28784013605442177,0.2844141069397042,0.10921217173822426,0.4099502487562189,0.4388805518258168,0.2965461219233258,0.38504499986345464
