Shopping,Community,Food,Entertainment,Travel,Outdoors,Nightlife
0.34539065729640345,0.44333333333333336,0.45446201343401893,0.6131117266851339,0.6505460218408736,0.8515625,0.45705196182396607
0.3495995529893835,0.4453551912568306,0.4603466723732078,0.6289237668161435,0.6862348178137652,0.8282828282828283,0.4810251355347462
0.3430581419408235,0.4701834862385321,0.4573310543210906,0.5765595463137996,0.6489533011272142,0.9083333333333333,0.4252983293556086
0.3462081484469544,0.47058823529411764,0.45663709476826136,0.6662420382165605,0.6923076923076923,0.0,0.4828897338403042
0.3414371772805508,0.4119496855345912,0.45708664644643004,0.5698653198653199,0.6637168141592921,0.891156462585034,0.49734427812650894
