Shopping,Community,Food,Entertainment,Travel,Outdoors,Nightlife
0.3538005504975651,0.06770170526851617,0.7813082771481853,0.19621749408983452,0.21461657231085948,0.047145328719723184,0.28477039973571194
0.40089705254164887,0.042692509167103196,0.7790815587425757,0.15811724915445322,0.16181384248210023,0.034789987271955876,0.3258764607679466
0.35175559562957465,0.05353878297205537,0.78971996256569,0.17285349957495041,0.20069721115537847,0.04616687844133842,0.30326752893124576
0.36771636675235647,0.061871616395978345,0.7866171534671141,0.15225618631732168,0.1875,0.0,0.3383283383283383
0.3402293922178154,0.03425732217573222,0.7945283556568823,0.19254835039817975,0.18098455598455598,0.058170515097690945,0.34867975626269465
