Shopping,Community,Food,Entertainment,Travel,Outdoors,Nightlife,accuracy,macro avg,weighted avg
0.0,0.2467451952882827,0.0111731843575419,0.0,0.13725490196078433,0.14422241529105126,0.0,0.12872117400419286,0.07705652812823717,0.055946348737180816
0.01891891891891892,0.0,0.42745709828393136,0.0,0.2606473594548552,0.0,0.22572178477690288,0.2577665827036104,0.13324930877637262,0.1777834083924267
0.0,0.11347517730496454,0.0,0.04395604395604396,0.22016129032258064,0.03571428571428571,0.06956521739130435,0.12930310663308145,0.06898171638416846,0.048160847106912937
0.36236391912908245,0.12299465240641712,0.4032539221382917,0.0,0.0,0.16666666666666666,0.0,0.28463476070528965,0.15075416576292255,0.26127603343922823
0.0,0.22934472934472935,0.425531914893617,0.0,0.23032629558541268,0.0,0.0,0.24811083123425692,0.12645756283196558,0.18112981474529885
