Shopping,Community,Food,Entertainment,Travel,Outdoors,Nightlife
0.0,0.14850746268656717,1.0,0.0,0.5833333333333334,0.08258706467661692,0.0
0.5384615384615384,0.0,0.3491928632115548,0.0,0.16648531011969533,0.0,0.1575091575091575
0.0,0.20168067226890757,0.0,0.1,0.12397820163487738,0.42857142857142855,0.2857142857142857
0.43796992481203006,0.19166666666666668,0.345273631840796,0.0,0.0,0.10344827586206896,0.0
0.0,0.1433659839715049,0.3557692307692308,0.0,0.273972602739726,0.0,0.0
