Shopping,Community,Food,Entertainment,Travel,Outdoors,Nightlife
0.0,0.7289377289377289,0.0056179775280898875,0.0,0.07777777777777778,0.5684931506849316,0.0
0.009628610729023384,0.0,0.5509383378016086,0.0,0.6,0.0,0.39814814814814814
0.0,0.07894736842105263,0.0,0.028169014084507043,0.9820143884892086,0.018633540372670808,0.039603960396039604
0.3090185676392573,0.09055118110236221,0.48463687150837986,0.0,0.0,0.42857142857142855,0.0
0.0,0.5729537366548043,0.5293276108726752,0.0,0.1986754966887417,0.0,0.0
