Shopping,Community,Food,Entertainment,Travel,Outdoors,Nightlife,accuracy,macro avg,weighted avg
0.15,0.11764705882352941,0.32669322709163345,0.08450704225352113,0.2,0.0,0.0,0.1875,0.12554961830981198,0.20991526979282538
0.2051282051282051,0.10126582278481011,0.28682170542635654,0.11267605633802817,0.10344827586206898,0.0,0.05555555555555556,0.17708333333333334,0.1235565172992892,0.19483971885913778
0.178343949044586,0.18867924528301885,0.22857142857142856,0.1,0.08571428571428572,0.15053763440860216,0.0,0.15885416666666666,0.13312093471741732,0.18697907902735988
0.19318181818181818,0.13675213675213674,0.13095238095238096,0.09302325581395349,0.125,0.05,0.06837606837606837,0.12760416666666666,0.11389795143947969,0.14176058585578935
0.2631578947368421,0.17142857142857143,0.2995951417004048,0.08450704225352113,0.06666666666666667,0.02702702702702703,0.03571428571428571,0.1953125,0.13544237564675984,0.22884629211711768
