Shopping,Community,Food,Entertainment,Travel,Outdoors,Nightlife,accuracy,macro avg,weighted avg
0.4380556080953282,0.18888888888888888,0.6198224852071006,0.3103057757644394,0.4144329896907217,0.11439842209072978,0.005194805194805195,0.48531896915927336,0.2987284249902876,0.43849690783164874
0.46536203522504893,0.17306245297215953,0.6199109085258468,0.3546694648478489,0.4686595949855352,0.07114624505928854,0.0,0.4991550485847064,0.30754438594510397,0.44970052550174994
0.4338646243013869,0.2752659574468085,0.6125294781092997,0.33156216790648246,0.45436893203883494,0.004081632653061225,0.047244094488188976,0.49043845747490755,0.3084166981348661,0.4436546960378633
0.4521087899093417,0.18262806236080179,0.6057892544773011,0.3065217391304348,0.38817733990147785,0.03766478342749529,0.11389521640091116,0.4809297411516112,0.29811216937253765,0.42983279604530594
0.41556909770001965,0.28087508821453777,0.6025733401955738,0.37844036697247707,0.3895582329317269,0.0,0.0,0.47987321711568937,0.2952880180020479,0.43552420871679204
