Shopping,Community,Food,Entertainment,Travel,Outdoors,Nightlife
0.42371020856201974,0.3253588516746411,0.5102644398051496,0.6342592592592593,0.6547231270358306,0.6444444444444445,1.0
0.44233630952380953,0.4339622641509434,0.5114529914529915,0.6353383458646616,0.6514745308310992,0.6923076923076923,0.0
0.4405212274064733,0.45098039215686275,0.4966744263385434,0.6902654867256637,0.6376021798365122,0.5,0.5
0.4297489696515549,0.4659090909090909,0.4939718118526066,0.6130434782608696,0.5596590909090909,0.9090909090909091,0.5
0.4104854368932039,0.5025252525252525,0.49753527112017676,0.7300884955752213,0.5038961038961038,0.0,0.0
