Shopping,Community,Food,Entertainment,Travel,Outdoors,Nightlife
0.23529411764705882,0.0958904109589041,0.44086021505376344,0.06382978723404255,0.140625,0.0,0.0
0.3018867924528302,0.13333333333333333,0.3333333333333333,0.08,0.07142857142857142,0.0,0.05
0.2916666666666667,0.18518518518518517,0.42857142857142855,0.08108108108108109,0.05454545454545454,0.10294117647058823,0.0
0.25757575757575757,0.13793103448275862,0.3333333333333333,0.06666666666666667,0.1111111111111111,0.038461538461538464,0.0380952380952381
0.2808988764044944,0.2222222222222222,0.45121951219512196,0.06818181818181818,0.05,0.016666666666666666,0.023809523809523808
