Shopping,Community,Food,Entertainment,Travel,Outdoors,Nightlife
0.11009174311926606,0.15217391304347827,0.25949367088607594,0.125,0.34615384615384615,0.0,0.0
0.1553398058252427,0.08163265306122448,0.25170068027210885,0.19047619047619047,0.1875,0.0,0.0625
0.12844036697247707,0.19230769230769232,0.15584415584415584,0.13043478260869565,0.2,0.28,0.0
0.15454545454545454,0.13559322033898305,0.08148148148148149,0.15384615384615385,0.14285714285714285,0.07142857142857142,0.3333333333333333
0.24752475247524752,0.13953488372093023,0.22424242424242424,0.1111111111111111,0.1,0.07142857142857142,0.07142857142857142
