Shopping,Community,Food,Entertainment,Travel,Outdoors,Nightlife
0.4534064212999217,0.13307240704500978,0.7892895586652314,0.20539730134932535,0.3031674208144796,0.06277056277056277,0.0026041666666666665
0.49091659785301406,0.1080827067669173,0.7867473047594005,0.24599708879184862,0.36596385542168675,0.0375,0.0
0.4274061990212072,0.19808612440191387,0.7988767050013372,0.21818181818181817,0.35294117647058826,0.0020491803278688526,0.024793388429752067
0.47692307692307695,0.11357340720221606,0.7830417227456259,0.20434782608695654,0.2971342383107089,0.019230769230769232,0.06426735218508997
0.42078025477707004,0.19490695396669933,0.7638308977035491,0.25541795665634676,0.31751227495908346,0.0,0.0
